Локация;Цена;Цена за кв\м;аннотация;просмотры
3-комнатная, улица Гамарника 18б;12 317 695 руб;201 599 руб/кв.м;Столетие, застройщик, 61,1 кв. м., 20/25 этаж Сдача в IV кв. 2025;676
2-комнатная, улица Капитана Шефнера 23;12 499 650 руб;234 956 руб/кв.м;Центр, застройщик, 53,2 кв. м., 7/7 этаж Сдача в II кв. 2026;463
1-комнатная, улица Нейбута 137 стр. 2;6 655 000 руб;185 376 руб/кв.м;64, 71 микрорайоны, застройщик, 35,9 кв. м., 13/25 этаж;3701
1-комнатная, улица Новожилова 21;7 280 000 руб;178 431 руб/кв.м;Борисенко, застройщик, 40,8 кв. м., 2/29 этаж;90
2-комнатная, улица Новожилова 21;8 099 500 руб;174 558 руб/кв.м;Борисенко, застройщик, 46,4 кв. м., 11/29 этаж Сдача в IV кв. 2025;1079
2-комнатная, улица Пржевальского 5 кор. 4;8 681 400 руб;148 400 руб/кв.м;Снеговая, застройщик, 58,5 кв. м., 10/23 этаж;10935
3-комнатная, улица Нейбута 137 стр. 1;9 601 000 руб;177 140 руб/кв.м;64, 71 микрорайоны, застройщик, 54,2 кв. м., 13/25 этаж Сдача в III кв. 2026;3914
2-комнатная, улица Анны Щетининой 7/1;7 253 400 руб;157 000 руб/кв.м;Снеговая падь, застройщик, 46,2 кв. м., 14/25 этаж Сдача в II кв. 2026;8339
Студия, улица Анны Щетининой 7/1;6 044 600 руб;196 253 руб/кв.м;Снеговая падь, застройщик, 30,8 кв. м., 17/25 этаж Сдача в II кв. 2026;4834
4-комнатная, улица Анны Щетининой 7/1;12 583 600 руб;163 000 руб/кв.м;Снеговая падь, застройщик, 77,2 кв. м., 20/25 этаж Сдача в II кв. 2026;6714
1-комнатная, улица Днепровская 25 кор. 8;7 025 200 руб;182 000 руб/кв.м;Столетие, застройщик, 38,6 кв. м., 3/17 этаж Сдача в I кв. 2027;1966
3-комнатная, улица Днепровская 25 кор. 8;12 043 500 руб;155 000 руб/кв.м;Столетие, застройщик, 77,7 кв. м., 2/25 этаж Сдача в I кв. 2027;1955
2-комнатная, улица Днепровская 25 кор. 8;9 412 200 руб;166 000 руб/кв.м;Столетие, застройщик, 56,7 кв. м., 4/25 этаж Сдача в I кв. 2027;899
4-комнатная, проспект 100-летия Владивостока 165;11 374 051 руб;199 195 руб/кв.м;Заря, застройщик, 57,1 кв. м., 2/22 этаж;6764
2-комнатная, улица Невельского 4 стр. 2;9 490 850 руб;182 166 руб/кв.м;Луговая, застройщик, 52,1 кв. м., 3/21 этаж Сдача в I кв. 2027;2505
3-комнатная, улица Невельского 4 стр. 2;12 398 500 руб;181 000 руб/кв.м;Луговая, застройщик, 68,5 кв. м., 9/25 этаж Сдача в I кв. 2027;674
3-комнатная, улица Енисейская 7/1;13 500 000 руб;189 873 руб/кв.м;Вторая речка, застройщик, 71,1 кв. м., 9/25 этаж;2262
1-комнатная, улица Енисейская 7/1;6 791 500 руб;235 000 руб/кв.м;Вторая речка, застройщик, 28,9 кв. м., 5/16 этаж Сдача в III кв. 2026;1713
Студия, улица Енисейская 7/1;6 791 500 руб;235 000 руб/кв.м;Вторая речка, застройщик, 28,9 кв. м., 13/22 этаж Сдача в III кв. 2026;2154
2-комнатная, улица Енисейская 7/1;9 312 000 руб;199 828 руб/кв.м;Вторая речка, застройщик, 46,6 кв. м., 4/16 этаж Сдача в III кв. 2026;2765
3-комнатная, улица Расула Гамзатова 5 кор. 3;12 356 760 руб;158 420 руб/кв.м;64, 71 микрорайоны, застройщик, 78 кв. м., 5/14 этаж;935
1-комнатная, улица Расула Гамзатова 5 кор. 2/1;5 528 200 руб;231 305 руб/кв.м;64, 71 микрорайоны, застройщик, 23,9 кв. м., 18/24 этаж;2031
Студия, улица Расула Гамзатова 5 кор. 2/1;5 528 200 руб;211 000 руб/кв.м;64, 71 микрорайоны, застройщик, 26,2 кв. м., 19/24 этаж;492
2-комнатная, улица Расула Гамзатова 5 кор. 1/3;7 553 875 руб;155 750 руб/кв.м;64, 71 микрорайоны, застройщик, 48,5 кв. м., 1/24 этаж;4011
2-комнатная, улица Кизлярская 20;19 002 500 руб;275 000 руб/кв.м;Чуркин, застройщик, 69,1 кв. м., 5/22 этаж;1754
1-комнатная, улица Анны Щетининой 12;7 051 800 руб;217 648 руб/кв.м;Снеговая падь, застройщик, 32,4 кв. м., 22/25 этаж;1301
2-комнатная, улица Анны Щетининой 14;9 114 600 руб;169 732 руб/кв.м;Снеговая падь, застройщик, 53,7 кв. м., 10/24 этаж;1848
2-комнатная, улица Анны Щетининой 20 стр. 1;8 753 600 руб;160 029 руб/кв.м;Снеговая падь, застройщик, 54,7 кв. м., 18/24 этаж;294
1-комнатная, улица Анны Щетининой 20 стр. 1;6 505 600 руб;159 843 руб/кв.м;Снеговая падь, застройщик, 40,7 кв. м., 8/24 этаж;534
1-комнатная, улица Анны Щетининой 20 стр. 2;11 521 440 руб;162 046 руб/кв.м;Снеговая падь, застройщик, 71,1 кв. м., 15/24 этаж;355
1-комнатная, улица Анны Щетининой 20 стр. 1;5 316 200 руб;189 864 руб/кв.м;Снеговая падь, застройщик, 28 кв. м., 13/24 этаж;2051
2-комнатная, улица Анны Щетининой 12;12 121 920 руб;227 002 руб/кв.м;Снеговая падь, застройщик, 53,4 кв. м., 23/24 этаж;719
2-комнатная, улица Анны Щетининой 12;11 048 000 руб;205 736 руб/кв.м;Снеговая падь, застройщик, 53,7 кв. м., 7/24 этаж;849
Студия, улица Тухачевского 80 стр. 3;5 889 999 руб;154 188 руб/кв.м;БАМ, застройщик, 38,2 кв. м., 20/24 этаж Сдача в IV кв. 2026;338
1-комнатная, улица Острогорная 13 кор. 1;7 079 400 руб;191 335 руб/кв.м;Змеинка, застройщик, 37 кв. м., 15/25 этаж;2520
1-комнатная, улица Острогорная 13 кор. 1;7 532 150 руб;198 737 руб/кв.м;Змеинка, застройщик, 37,9 кв. м., 5/25 этаж;2781
1-комнатная, улица Беговая 26;7 300 000 руб;183 417 руб/кв.м;Весенняя, застройщик, 39,8 кв. м., 21/24 этаж;19221
3-комнатная, улица Острогорная 13 кор. 1;14 528 640 руб;190 165 руб/кв.м;Змеинка, застройщик, 76,4 кв. м., 7/25 этаж;2568
2-комнатная, улица Острогорная 13 кор. 1;10 317 440 руб;188 964 руб/кв.м;Змеинка, застройщик, 54,6 кв. м., 11/22 этаж;1726
2-комнатная, улица Октябрьская 25б;16 209 000 руб;300 167 руб/кв.м;Центр, застройщик, 54 кв. м., 3/15 этаж;3532
1-комнатная, улица Нейбута 141 кор. 1;7 000 000 руб;198 864 руб/кв.м;64, 71 микрорайоны, агентство, 35,2 кв. м., 6/25 этаж Сдача в II кв. 2027;268
1-комнатная, улица Нейбута 137 стр. 3;7 231 103 руб;181 686 руб/кв.м;64, 71 микрорайоны, застройщик, 39,8 кв. м. Сдача в IV кв. 2026;981
3-комнатная, улица Карбышева 22б;13 369 999 руб;168 388 руб/кв.м;БАМ, застройщик, 79,4 кв. м., 24/24 этаж;520
1-комнатная, улица Нейбута 137 стр. 3;7 594 001 руб;187 506 руб/кв.м;64, 71 микрорайоны, застройщик, 40,5 кв. м.;1422
2-комнатная, улица Нейбута 137 стр. 3;9 936 873 руб;169 861 руб/кв.м;64, 71 микрорайоны, застройщик, 58,5 кв. м.;3016
1-комнатная, улица Нейбута 137 стр. 3;7 047 574 руб;192 032 руб/кв.м;64, 71 микрорайоны, застройщик, 36,7 кв. м.;8157
1-комнатная, улица Нейбута 137 стр. 3;7 020 731 руб;192 877 руб/кв.м;64, 71 микрорайоны, застройщик, 36,4 кв. м.;3750
2-комнатная, улица Нейбута 137 стр. 3;9 079 163 руб;162 709 руб/кв.м;64, 71 микрорайоны, застройщик, 55,8 кв. м.;6034
2-комнатная, улица Расула Гамзатова 1;11 268 700 руб;186 568 руб/кв.м;64, 71 микрорайоны, застройщик, 60,4 кв. м.;3034
2-комнатная, улица Расула Гамзатова 1;10 832 400 руб;176 423 руб/кв.м;64, 71 микрорайоны, застройщик, 61,4 кв. м.;1671
